旧パス,新パス,サイズ(bytes)
articles/main/Article_1.md,本文/第1条.md,671
articles/main/Article_10.md,本文/第10条.md,1255
articles/main/Article_100.md,本文/第100条.md,870
articles/main/Article_101.md,本文/第101条.md,801
articles/main/Article_102.md,本文/第102条.md,492
articles/main/Article_103.md,本文/第103条.md,792
articles/main/Article_104.md,本文/第104条.md,807
articles/main/Article_105.md,本文/第105条.md,1160
articles/main/Article_105_2.md,本文/第105条の2.md,877
articles/main/Article_106.md,本文/第106条.md,1265
articles/main/Article_107.md,本文/第107条.md,841
articles/main/Article_108.md,本文/第108条.md,772
articles/main/Article_109.md,本文/第109条.md,1023
articles/main/Article_11.md,本文/第11条.md,583
articles/main/Article_110.md,本文/第110条.md,1274
articles/main/Article_111.md,本文/第111条.md,2046
articles/main/Article_112.md,本文/第112条.md,985
articles/main/Article_113.md,本文/第113条.md,1066
articles/main/Article_114.md,本文/第114条.md,756
articles/main/Article_115.md,本文/第115条.md,1459
articles/main/Article_116.md,本文/第116条.md,1545
articles/main/Article_117.md,本文/第117条.md,1782
articles/main/Article_117_2.md,本文/第117条の2.md,1154
articles/main/Article_118.md,本文/第118条.md,1029
articles/main/Article_119.md,本文/第119条.md,802
articles/main/Article_12.md,本文/第12条.md,821
articles/main/Article_120.md,本文/第120条.md,1270
articles/main/Article_121.md,本文/第121条.md,660
articles/main/Article_122.md,本文/第122条.md,1242
articles/main/Article_123.md,本文/第123条.md,783
articles/main/Article_124.md,本文/第124条.md,897
articles/main/Article_125.md,本文/第125条.md,877
articles/main/Article_126.md,本文/第126条.md,1072
articles/main/Article_127.md,本文/第127条.md,1124
articles/main/Article_128.md,本文/第128条.md,1343
articles/main/Article_129.md,本文/第129条.md,1019
articles/main/Article_13.md,本文/第13条.md,685
articles/main/Article_130.md,本文/第130条.md,780
articles/main/Article_131.md,本文/第131条.md,485
articles/main/Article_132.md,本文/第132条.md,701
articles/main/Article_133.md,本文/第133条.md,647
articles/main/Article_134.md,本文/第134条.md,1188
articles/main/Article_135.md,本文/第135条.md,582
articles/main/Article_136.md,本文/第136条.md,680
articles/main/Article_137.md,本文/第137条.md,683
articles/main/Article_138.md,本文/第138条.md,768
articles/main/Article_139.md,本文/第139条.md,789
articles/main/Article_14.md,本文/第14条.md,864
articles/main/Article_140.md,本文/第140条.md,646
articles/main/Article_141.md,本文/第141条.md,615
articles/main/Article_142.md,本文/第142条.md,675
articles/main/Article_143.md,本文/第143条.md,695
articles/main/Article_144.md,本文/第144条.md,598
articles/main/Article_145.md,本文/第145条.md,1212
articles/main/Article_146.md,本文/第146条.md,863
articles/main/Article_147.md,本文/第147条.md,642
articles/main/Article_148.md,本文/第148条.md,909
articles/main/Article_149.md,本文/第149条.md,961
articles/main/Article_15.md,本文/第15条.md,655
articles/main/Article_150.md,本文/第150条.md,664
articles/main/Article_151.md,本文/第151条.md,1005
articles/main/Article_152.md,本文/第152条.md,872
articles/main/Article_153.md,本文/第153条.md,707
articles/main/Article_154.md,本文/第154条.md,997
articles/main/Article_155.md,本文/第155条.md,4106
articles/main/Article_156.md,本文/第156条.md,1295
articles/main/Article_157.md,本文/第157条.md,1524
articles/main/Article_158.md,本文/第158条.md,2011
articles/main/Article_159.md,本文/第159条.md,2434
articles/main/Article_16.md,本文/第16条.md,688
articles/main/Article_160.md,本文/第160条.md,1002
articles/main/Article_161.md,本文/第161条.md,1166
articles/main/Article_161_2.md,本文/第161条の2.md,1440
articles/main/Article_162.md,本文/第162条.md,780
articles/main/Article_163.md,本文/第163条.md,855
articles/main/Article_163_2.md,本文/第163条の2.md,1473
articles/main/Article_163_3.md,本文/第163条の3.md,1172
articles/main/Article_163_4.md,本文/第163条の4.md,1325
articles/main/Article_163_5.md,本文/第163条の5.md,1052
articles/main/Article_164.md,本文/第164条.md,856
articles/main/Article_165.md,本文/第165条.md,956
articles/main/Article_166.md,本文/第166条.md,955
articles/main/Article_167.md,本文/第167条.md,841
articles/main/Article_168.md,本文/第168条.md,1600
articles/main/Article_168_2.md,本文/第168条の2.md,1809
articles/main/Article_168_3.md,本文/第168条の3.md,1062
articles/main/Article_169.md,本文/第169条.md,621
articles/main/Article_17.md,本文/第17条.md,490
articles/main/Article_170.md,本文/第170条.md,1009
articles/main/Article_171.md,本文/第171条.md,1157
articles/main/Article_172.md,本文/第172条.md,750
articles/main/Article_173.md,本文/第173条.md,928
articles/main/Article_174.md,本文/第174条.md,726
articles/main/Article_175.md,本文/第175条.md,1216
articles/main/Article_176.md,本文/第176条.md,3352
articles/main/Article_177.md,本文/第177条.md,2277
articles/main/Article_178.md,本文/第178条.md,497
articles/main/Article_179.md,本文/第179条.md,1524
articles/main/Article_18.md,本文/第18条.md,1893
articles/main/Article_180.md,本文/第180条.md,1167
articles/main/Article_181.md,本文/第181条.md,1978
articles/main/Article_182.md,本文/第182条.md,3540
articles/main/Article_183.md,本文/第183条.md,621
articles/main/Article_184.md,本文/第184条.md,664
articles/main/Article_185.md,本文/第185条.md,641
articles/main/Article_186.md,本文/第186条.md,840
articles/main/Article_187.md,本文/第187条.md,1027
articles/main/Article_188.md,本文/第188条.md,891
articles/main/Article_189.md,本文/第189条.md,508
articles/main/Article_19.md,本文/第19条.md,1523
articles/main/Article_190.md,本文/第190条.md,697
articles/main/Article_191.md,本文/第191条.md,978
articles/main/Article_192.md,本文/第192条.md,608
articles/main/Article_193.md,本文/第193条.md,673
articles/main/Article_194.md,本文/第194条.md,804
articles/main/Article_195.md,本文/第195条.md,1174
articles/main/Article_196.md,本文/第196条.md,1100
articles/main/Article_197.md,本文/第197条.md,1112
articles/main/Article_197_2.md,本文/第197条の2.md,749
articles/main/Article_197_3.md,本文/第197条の3.md,1814
articles/main/Article_197_4.md,本文/第197条の4.md,899
articles/main/Article_197_5.md,本文/第197条の5.md,685
articles/main/Article_198.md,本文/第198条.md,908
articles/main/Article_199.md,本文/第199条.md,589
articles/main/Article_19_2.md,本文/第19条の2.md,851
articles/main/Article_2.md,本文/第2条.md,7926
articles/main/Article_20.md,本文/第20条.md,957
articles/main/Article_200.md,本文/第200条.md,425
articles/main/Article_201.md,本文/第201条.md,833
articles/main/Article_202.md,本文/第202条.md,671
articles/main/Article_203.md,本文/第203条.md,965
articles/main/Article_204.md,本文/第204条.md,568
articles/main/Article_205.md,本文/第205条.md,622
articles/main/Article_206.md,本文/第206条.md,1088
articles/main/Article_207.md,本文/第207条.md,912
articles/main/Article_208.md,本文/第208条.md,714
articles/main/Article_208_2.md,本文/第208条の2.md,1097
articles/main/Article_209.md,本文/第209条.md,743
articles/main/Article_21.md,本文/第21条.md,784
articles/main/Article_210.md,本文/第210条.md,572
articles/main/Article_211.md,本文/第211条.md,790
articles/main/Article_212.md,本文/第212条.md,592
articles/main/Article_213.md,本文/第213条.md,753
articles/main/Article_214.md,本文/第214条.md,868
articles/main/Article_215.md,本文/第215条.md,656
articles/main/Article_216.md,本文/第216条.md,904
articles/main/Article_217.md,本文/第217条.md,661
articles/main/Article_218.md,本文/第218条.md,749
articles/main/Article_219.md,本文/第219条.md,1073
articles/main/Article_22.md,本文/第22条.md,529
articles/main/Article_220.md,本文/第220条.md,632
articles/main/Article_221.md,本文/第221条.md,856
articles/main/Article_222.md,本文/第222条.md,876
articles/main/Article_223.md,本文/第223条.md,1129
articles/main/Article_224.md,本文/第224条.md,623
articles/main/Article_225.md,本文/第225条.md,711
articles/main/Article_225_2.md,本文/第225条の2.md,1178
articles/main/Article_226.md,本文/第226条.md,622
articles/main/Article_226_2.md,本文/第226条の2.md,1326
articles/main/Article_226_3.md,本文/第226条の3.md,629
articles/main/Article_227.md,本文/第227条.md,3130
articles/main/Article_228.md,本文/第228条.md,1701
articles/main/Article_228_2.md,本文/第228条の2.md,1291
articles/main/Article_228_3.md,本文/第228条の3.md,1020
articles/main/Article_229.md,本文/第229条.md,1329
articles/main/Article_23.md,本文/第23条.md,592
articles/main/Article_230.md,本文/第230条.md,906
articles/main/Article_230_2.md,本文/第230条の2.md,1668
articles/main/Article_231.md,本文/第231条.md,633
articles/main/Article_232.md,本文/第232条.md,939
articles/main/Article_233.md,本文/第233条.md,774
articles/main/Article_234.md,本文/第234条.md,858
articles/main/Article_234_2.md,本文/第234条の2.md,1154
articles/main/Article_235.md,本文/第235条.md,583
articles/main/Article_235_2.md,本文/第235条の2.md,579
articles/main/Article_236.md,本文/第236条.md,799
articles/main/Article_237.md,本文/第237条.md,568
articles/main/Article_238.md,本文/第238条.md,735
articles/main/Article_239.md,本文/第239条.md,591
articles/main/Article_24.md,本文/第24条.md,758
articles/main/Article_240.md,本文/第240条.md,685
articles/main/Article_241.md,本文/第241条.md,2004
articles/main/Article_242.md,本文/第242条.md,816
articles/main/Article_243.md,本文/第243条.md,1836
articles/main/Article_244.md,本文/第244条.md,1401
articles/main/Article_245.md,本文/第245条.md,495
articles/main/Article_246.md,本文/第246条.md,689
articles/main/Article_246_2.md,本文/第246条の2.md,1207
articles/main/Article_247.md,本文/第247条.md,858
articles/main/Article_248.md,本文/第248条.md,773
articles/main/Article_249.md,本文/第249条.md,725
articles/main/Article_25.md,本文/第25条.md,2285
articles/main/Article_250.md,本文/第250条.md,510
articles/main/Article_251.md,本文/第251条.md,1301
articles/main/Article_252.md,本文/第252条.md,805
articles/main/Article_253.md,本文/第253条.md,611
articles/main/Article_254.md,本文/第254条.md,726
articles/main/Article_255.md,本文/第255条.md,725
articles/main/Article_256.md,本文/第256条.md,965
articles/main/Article_257.md,本文/第257条.md,1063
articles/main/Article_258.md,本文/第258条.md,635
articles/main/Article_259.md,本文/第259条.md,634
articles/main/Article_25_2.md,本文/第25条の2.md,2113
articles/main/Article_26.md,本文/第26条.md,2381
articles/main/Article_260.md,本文/第260条.md,754
articles/main/Article_261.md,本文/第261条.md,1176
articles/main/Article_262.md,本文/第262条.md,1467
articles/main/Article_262_2.md,本文/第262条の2.md,838
articles/main/Article_263.md,本文/第263条.md,615
articles/main/Article_264.md,本文/第264条.md,1219
articles/main/Article_26_2.md,本文/第26条の2.md,1762
articles/main/Article_26_3.md,本文/第26条の3.md,2234
articles/main/Article_27.md,本文/第27条.md,4518
articles/main/Article_27_2.md,本文/第27条の2.md,2752
articles/main/Article_27_3.md,本文/第27条の3.md,1512
articles/main/Article_27_4.md,本文/第27条の4.md,1945
articles/main/Article_27_5.md,本文/第27条の5.md,1482
articles/main/Article_27_6.md,本文/第27条の6.md,1279
articles/main/Article_27_7.md,本文/第27条の7.md,4870
articles/main/Article_28.md,本文/第28条.md,803
articles/main/Article_29.md,本文/第29条.md,2036
articles/main/Article_3.md,本文/第3条.md,14377
articles/main/Article_30.md,本文/第30条.md,808
articles/main/Article_31.md,本文/第31条.md,628
articles/main/Article_32.md,本文/第32条.md,1328
articles/main/Article_33.md,本文/第33条.md,787
articles/main/Article_34.md,本文/第34条.md,841
articles/main/Article_34_2.md,本文/第34条の2.md,1260
articles/main/Article_35.md,本文/第35条.md,544
articles/main/Article_36.md,本文/第36条.md,838
articles/main/Article_37.md,本文/第37条.md,1186
articles/main/Article_38.md,本文/第38条.md,1270
articles/main/Article_39.md,本文/第39条.md,595
articles/main/Article_3_2.md,本文/第3条の2.md,6858
articles/main/Article_4.md,本文/第4条.md,3178
articles/main/Article_40.md,本文/第40条.md,489
articles/main/Article_41.md,本文/第41条.md,522
articles/main/Article_42.md,本文/第42条.md,973
articles/main/Article_43.md,本文/第43条.md,772
articles/main/Article_44.md,本文/第44条.md,556
articles/main/Article_45.md,本文/第45条.md,817
articles/main/Article_46.md,本文/第46条.md,943
articles/main/Article_47.md,本文/第47条.md,805
articles/main/Article_48.md,本文/第48条.md,1057
articles/main/Article_49.md,本文/第49条.md,754
articles/main/Article_4_2.md,本文/第4条の2.md,1260
articles/main/Article_5.md,本文/第5条.md,854
articles/main/Article_50.md,本文/第50条.md,748
articles/main/Article_51.md,本文/第51条.md,1195
articles/main/Article_52.md,本文/第52条.md,754
articles/main/Article_53.md,本文/第53条.md,931
articles/main/Article_54.md,本文/第54条.md,1135
articles/main/Article_55.md,本文/第55条.md,510
articles/main/Article_56.md,本文/第56条.md,1139
articles/main/Article_57.md,本文/第57条.md,596
articles/main/Article_58.md,本文/第58条.md,754
articles/main/Article_59.md,本文/第59条.md,574
articles/main/Article_6.md,本文/第6条.md,587
articles/main/Article_60.md,本文/第60条.md,571
articles/main/Article_61.md,本文/第61条.md,652
articles/main/Article_62.md,本文/第62条.md,628
articles/main/Article_63.md,本文/第63条.md,568
articles/main/Article_64.md,本文/第64条.md,709
articles/main/Article_65.md,本文/第65条.md,793
articles/main/Article_66.md,本文/第66条.md,586
articles/main/Article_67.md,本文/第67条.md,694
articles/main/Article_68.md,本文/第68条.md,1784
articles/main/Article_69.md,本文/第69条.md,757
articles/main/Article_7.md,本文/第7条.md,773
articles/main/Article_70.md,本文/第70条.md,629
articles/main/Article_71.md,本文/第71条.md,993
articles/main/Article_72.md,本文/第72条.md,867
articles/main/Article_73:76.md,本文/第73条から第76条まで.md,1221
articles/main/Article_77.md,本文/第77条.md,1732
articles/main/Article_78.md,本文/第78条.md,571
articles/main/Article_79.md,本文/第79条.md,1064
articles/main/Article_7_2.md,本文/第7条の2.md,731
articles/main/Article_8.md,本文/第8条.md,647
articles/main/Article_80.md,本文/第80条.md,969
articles/main/Article_81.md,本文/第81条.md,592
articles/main/Article_82.md,本文/第82条.md,830
articles/main/Article_83:86.md,本文/第83条から第86条まで.md,1074
articles/main/Article_87.md,本文/第87条.md,965
articles/main/Article_88.md,本文/第88条.md,1085
articles/main/Article_89.md,本文/第89条.md,706
articles/main/Article_9.md,本文/第9条.md,554
articles/main/Article_90:91.md,本文/第90条から第91条まで.md,983
articles/main/Article_92.md,本文/第92条.md,883
articles/main/Article_93.md,本文/第93条.md,780
articles/main/Article_94.md,本文/第94条.md,718
articles/main/Article_95.md,本文/第95条.md,1000
articles/main/Article_95_2.md,本文/第95条の2.md,1166
articles/main/Article_96.md,本文/第96条.md,857
articles/main/Article_96_2.md,本文/第96条の2.md,1936
articles/main/Article_96_3.md,本文/第96条の3.md,1062
articles/main/Article_96_4.md,本文/第96条の4.md,849
articles/main/Article_96_5.md,本文/第96条の5.md,1238
articles/main/Article_96_6.md,本文/第96条の6.md,1002
articles/main/Article_97.md,本文/第97条.md,536
articles/main/Article_98.md,本文/第98条.md,866
articles/main/Article_99.md,本文/第99条.md,597
articles/suppl/令和七年五月二三日法律第三九号/令和七年五月二三日法律第三九号_Article_1.md,附則/令和七年五月二三日法律第三九号/附則第1条.md,10855
articles/suppl/令和七年五月二三日法律第三九号/令和七年五月二三日法律第三九号_Article_39.md,附則/令和七年五月二三日法律第三九号/附則第39条.md,607
articles/suppl/令和七年五月二三日法律第三九号/令和七年五月二三日法律第三九号_Article_41.md,附則/令和七年五月二三日法律第三九号/附則第41条.md,1576
articles/suppl/令和七年五月二三日法律第三九号/令和七年五月二三日法律第三九号_Article_8.md,附則/令和七年五月二三日法律第三九号/附則第8条.md,2579
articles/suppl/令和七年四月二三日法律第二六号/令和七年四月二三日法律第二六号_Article_1.md,附則/令和七年四月二三日法律第二六号/附則第1条.md,573
articles/suppl/令和五年五月一七日法律第二八号/令和五年五月一七日法律第二八号_Article_1.md,附則/令和五年五月一七日法律第二八号/附則第1条.md,4639
articles/suppl/令和五年五月一七日法律第二八号/令和五年五月一七日法律第二八号_Article_10.md,附則/令和五年五月一七日法律第二八号/附則第10条.md,1387
articles/suppl/令和五年五月一七日法律第二八号/令和五年五月一七日法律第二八号_Article_40.md,附則/令和五年五月一七日法律第二八号/附則第40条.md,622
articles/suppl/令和五年五月一七日法律第二八号/令和五年五月一七日法律第二八号_Article_9.md,附則/令和五年五月一七日法律第二八号/附則第9条.md,926
articles/suppl/令和五年六月二三日法律第六六号/令和五年六月二三日法律第六六号_Article_1.md,附則/令和五年六月二三日法律第六六号/附則第1条.md,495
articles/suppl/令和五年六月二三日法律第六六号/令和五年六月二三日法律第六六号_Article_2.md,附則/令和五年六月二三日法律第六六号/附則第2条.md,1886
articles/suppl/令和五年六月二三日法律第六六号/令和五年六月二三日法律第六六号_Article_20.md,附則/令和五年六月二三日法律第六六号/附則第20条.md,1988
articles/suppl/令和五年六月二三日法律第六六号/令和五年六月二三日法律第六六号_Article_21.md,附則/令和五年六月二三日法律第六六号/附則第21条.md,721
articles/suppl/令和五年六月二三日法律第六六号/令和五年六月二三日法律第六六号_Article_3.md,附則/令和五年六月二三日法律第六六号/附則第3条.md,1213
articles/suppl/令和四年六月一七日法律第六七号.md,附則/令和四年六月一七日法律第六七号.md,1797
articles/suppl/平成一七年五月二五日法律第五〇号/平成一七年五月二五日法律第五〇号_Article_1.md,附則/平成一七年五月二五日法律第五〇号/附則第1条.md,510
articles/suppl/平成一七年六月二二日法律第六六号/平成一七年六月二二日法律第六六号_Article_1.md,附則/平成一七年六月二二日法律第六六号/附則第1条.md,503
articles/suppl/平成一七年六月二二日法律第六六号/平成一七年六月二二日法律第六六号_Article_10.md,附則/平成一七年六月二二日法律第六六号/附則第10条.md,616
articles/suppl/平成一七年六月二二日法律第六六号/平成一七年六月二二日法律第六六号_Article_2.md,附則/平成一七年六月二二日法律第六六号/附則第2条.md,1082
articles/suppl/平成一三年一二月一二日法律第一五三号/平成一三年一二月一二日法律第一五三号_Article_1.md,附則/平成一三年一二月一二日法律第一五三号/附則第1条.md,552
articles/suppl/平成一三年一二月一二日法律第一五三号/平成一三年一二月一二日法律第一五三号_Article_42.md,附則/平成一三年一二月一二日法律第一五三号/附則第42条.md,964
articles/suppl/平成一三年一二月一二日法律第一五三号/平成一三年一二月一二日法律第一五三号_Article_43.md,附則/平成一三年一二月一二日法律第一五三号/附則第43条.md,817
articles/suppl/平成一三年一二月一二日法律第一五三号/平成一三年一二月一二日法律第一五三号_Article_44.md,附則/平成一三年一二月一二日法律第一五三号/附則第44条.md,664
articles/suppl/平成一三年一二月五日法律第一三八号/平成一三年一二月五日法律第一三八号_Article_1.md,附則/平成一三年一二月五日法律第一三八号/附則第1条.md,476
articles/suppl/平成一三年一二月五日法律第一三八号/平成一三年一二月五日法律第一三八号_Article_2.md,附則/平成一三年一二月五日法律第一三八号/附則第2条.md,536
articles/suppl/平成一三年七月四日法律第九七号.md,附則/平成一三年七月四日法律第九七号.md,465
articles/suppl/平成一九年五月二三日法律第五四号/平成一九年五月二三日法律第五四号_Article_1.md,附則/平成一九年五月二三日法律第五四号/附則第1条.md,503
articles/suppl/平成一九年五月二三日法律第五四号/平成一九年五月二三日法律第五四号_Article_2.md,附則/平成一九年五月二三日法律第五四号/附則第2条.md,560
articles/suppl/平成一五年七月一八日法律第一二二号/平成一五年七月一八日法律第一二二号_Article_1.md,附則/平成一五年七月一八日法律第一二二号/附則第1条.md,467
articles/suppl/平成一五年七月一八日法律第一二二号/平成一五年七月一八日法律第一二二号_Article_2.md,附則/平成一五年七月一八日法律第一二二号/附則第2条.md,1019
articles/suppl/平成一五年八月一日法律第一三八号/平成一五年八月一日法律第一三八号_Article_1.md,附則/平成一五年八月一日法律第一三八号/附則第1条.md,610
articles/suppl/平成一五年八月一日法律第一三八号/平成一五年八月一日法律第一三八号_Article_14.md,附則/平成一五年八月一日法律第一三八号/附則第14条.md,856
articles/suppl/平成一八年五月八日法律第三六号/平成一八年五月八日法律第三六号_Article_1.md,附則/平成一八年五月八日法律第三六号/附則第1条.md,503
articles/suppl/平成一八年五月八日法律第三六号/平成一八年五月八日法律第三六号_Article_2.md,附則/平成一八年五月八日法律第三六号/附則第2条.md,1502
articles/suppl/平成一六年一二月八日法律第一五六号/平成一六年一二月八日法律第一五六号_Article_1.md,附則/平成一六年一二月八日法律第一五六号/附則第1条.md,567
articles/suppl/平成一六年一二月八日法律第一五六号/平成一六年一二月八日法律第一五六号_Article_3.md,附則/平成一六年一二月八日法律第一五六号/附則第3条.md,716
articles/suppl/平成一六年一二月八日法律第一五六号/平成一六年一二月八日法律第一五六号_Article_4.md,附則/平成一六年一二月八日法律第一五六号/附則第4条.md,1291
articles/suppl/平成一六年六月一八日法律第一一五号/平成一六年六月一八日法律第一一五号_Article_1.md,附則/平成一六年六月一八日法律第一一五号/附則第1条.md,643
articles/suppl/平成七年五月一二日法律第九一号/平成七年五月一二日法律第九一号_Article_1.md,附則/平成七年五月一二日法律第九一号/附則第1条.md,503
articles/suppl/平成七年五月一二日法律第九一号/平成七年五月一二日法律第九一号_Article_2.md,附則/平成七年五月一二日法律第九一号/附則第2条.md,1988
articles/suppl/平成三〇年七月一三日法律第七二号/平成三〇年七月一三日法律第七二号_Article_1.md,附則/平成三〇年七月一三日法律第七二号/附則第1条.md,1301
articles/suppl/平成三〇年七月一三日法律第七二号/平成三〇年七月一三日法律第七二号_Article_31.md,附則/平成三〇年七月一三日法律第七二号/附則第31条.md,589
articles/suppl/平成三年四月一七日法律第三一号.md,附則/平成三年四月一七日法律第三一号.md,1281
articles/suppl/平成二三年六月二四日法律第七四号/平成二三年六月二四日法律第七四号_Article_1.md,附則/平成二三年六月二四日法律第七四号/附則第1条.md,467
articles/suppl/平成二三年六月二四日法律第七四号/平成二三年六月二四日法律第七四号_Article_8.md,附則/平成二三年六月二四日法律第七四号/附則第8条.md,584
articles/suppl/平成二九年六月二一日法律第六七号/平成二九年六月二一日法律第六七号_Article_1.md,附則/平成二九年六月二一日法律第六七号/附則第1条.md,1117
articles/suppl/平成二九年六月二一日法律第六七号/平成二九年六月二一日法律第六七号_Article_5.md,附則/平成二九年六月二一日法律第六七号/附則第5条.md,1253
articles/suppl/平成二九年六月二三日法律第七二号/平成二九年六月二三日法律第七二号_Article_1.md,附則/平成二九年六月二三日法律第七二号/附則第1条.md,503
articles/suppl/平成二九年六月二三日法律第七二号/平成二九年六月二三日法律第七二号_Article_2.md,附則/平成二九年六月二三日法律第七二号/附則第2条.md,2639
articles/suppl/平成二九年六月二三日法律第七二号/平成二九年六月二三日法律第七二号_Article_9.md,附則/平成二九年六月二三日法律第七二号/附則第9条.md,885
articles/suppl/平成二二年四月二七日法律第二六号/平成二二年四月二七日法律第二六号_Article_1.md,附則/平成二二年四月二七日法律第二六号/附則第1条.md,416
articles/suppl/平成二二年四月二七日法律第二六号/平成二二年四月二七日法律第二六号_Article_2.md,附則/平成二二年四月二七日法律第二六号/附則第2条.md,707
articles/suppl/平成二五年一一月二七日法律第八六号/平成二五年一一月二七日法律第八六号_Article_1.md,附則/平成二五年一一月二七日法律第八六号/附則第1条.md,547
articles/suppl/平成二五年一一月二七日法律第八六号/平成二五年一一月二七日法律第八六号_Article_14.md,附則/平成二五年一一月二七日法律第八六号/附則第14条.md,625
articles/suppl/平成二五年一一月二七日法律第八六号/平成二五年一一月二七日法律第八六号_Article_15.md,附則/平成二五年一一月二七日法律第八六号/附則第15条.md,999
articles/suppl/平成二五年六月一九日法律第四九号/平成二五年六月一九日法律第四九号_Article_1.md,附則/平成二五年六月一九日法律第四九号/附則第1条.md,567
articles/suppl/平成二五年六月一九日法律第四九号/平成二五年六月一九日法律第四九号_Article_2.md,附則/平成二五年六月一九日法律第四九号/附則第2条.md,590
articles/suppl/平成二八年六月三日法律第五四号/平成二八年六月三日法律第五四号_Article_1.md,附則/平成二八年六月三日法律第五四号/附則第1条.md,1214
articles/suppl/昭和一六年三月一二日法律第六一号.md,附則/昭和一六年三月一二日法律第六一号.md,390
articles/suppl/昭和三三年四月三〇日法律第一〇七号.md,附則/昭和三三年四月三〇日法律第一〇七号.md,971
articles/suppl/昭和三九年六月三〇日法律第一二四号.md,附則/昭和三九年六月三〇日法律第一二四号.md,701
articles/suppl/昭和三五年五月一六日法律第八三号.md,附則/昭和三五年五月一六日法律第八三号.md,770
articles/suppl/昭和二九年四月一日法律第五七号.md,附則/昭和二九年四月一日法律第五七号.md,1161
articles/suppl/昭和二二年一〇月二六日法律第一二四号.md,附則/昭和二二年一〇月二六日法律第一二四号.md,1280
articles/suppl/昭和二八年八月一〇日法律第一九五号.md,附則/昭和二八年八月一〇日法律第一九五号.md,552
articles/suppl/昭和五五年四月三〇日法律第三〇号.md,附則/昭和五五年四月三〇日法律第三〇号.md,387
articles/suppl/昭和六二年六月二日法律第五二号.md,附則/昭和六二年六月二日法律第五二号.md,2522
articles/suppl/昭和四三年五月二一日法律第六一号.md,附則/昭和四三年五月二一日法律第六一号.md,1397
